EntryCode,Description,StudentID,StudentName,GradeLevel,EntryDate,SSID,Gender,Ethnic,Race,BirthDate,Advisor
E1,E1-1st time enrolled this year,4171,"Cohen, Mackenzie ",0,8/17/2017,2426737,F,N,WH,5/7/2012,"Hull, Leah "
E1,E1-1st time enrolled this year,4056,"Crane, Laurence ",0,8/17/2017,2214804,M,N,WH,10/3/2011,"Hull, Leah "
E1,E1-1st time enrolled this year,4059,"Holmes, Autumn ",0,8/17/2017,2427315,F,N,WH,7/7/2012,"Hull, Leah "
E1,E1-1st time enrolled this year,3825,"Vance, Mirza ",0,8/17/2017,2310391,M,N,WH,7/20/2011,"Hull, Leah "
E1,E1-1st time enrolled this year,4067,"Cook, Ayaan ",0,8/17/2017,2427316,F,H,WH,4/17/2012,"Hull, Leah "
E1,E1-1st time enrolled this year,4068,"Eaton, Kezia ",0,8/17/2017,2435900,F,H,WH,12/9/2011,"Hull, Leah "
E1,E1-1st time enrolled this year,4152,"Hamer, Ifan ",0,8/17/2017,2427317,M,H,WH,6/13/2012,"Hull, Leah "
E1,E1-1st time enrolled this year,4164,"Mcloughlin, Inez ",0,8/17/2017,2435753,F,H,WH,7/3/2012,"Hull, Leah "
E1,E1-1st time enrolled this year,4072,"Fitzpatrick, Roland ",0,8/17/2017,2427324,M,N,WH,7/19/2011,"Hull, Leah "
E1,E1-1st time enrolled this year,3849,"Sharp, Ramone ",0,8/17/2017,2333072,M,H,WH,5/20/2011,"Hull, Leah "
E1,E1-1st time enrolled this year,4181,"Schwartz, Roan ",0,9/26/2017,2365090,M,N,WH,7/1/2012,"Hull, Leah "
E1,E1-1st time enrolled this year,4131,"Xiong, June ",0,8/17/2017,2365218,F,H,WH,2/21/2012,"Hull, Leah "
E1,E1-1st time enrolled this year,4075,"Elliott, Freddie ",0,8/17/2017,2435902,M,N,MU,10/22/2011,"Hull, Leah "
E1,E1-1st time enrolled this year,4077,"Hood, Jethro ",0,8/17/2017,2435903,M,N,WH,4/11/2012,"Hull, Leah "
E1,E1-1st time enrolled this year,4080,"Solomon, Ira ",0,8/17/2017,2435905,F,N,WH,1/5/2012,"Hull, Leah "
E1,E1-1st time enrolled this year,4155,"Holden, Shamima ",0,8/17/2017,2367005,F,N,AS,7/18/2012,"Hull, Leah "
E1,E1-1st time enrolled this year,4082,"York, Conall ",0,8/17/2017,2435907,M,N,WH,9/28/2011,"Hull, Leah "
E1,E1-1st time enrolled this year,4081,"Mckay, Cally ",0,8/17/2017,2435906,M,N,AS,9/25/2011,"Hull, Leah "
E1,E1-1st time enrolled this year,4090,"Stafford, Etienne ",0,8/17/2017,2435912,F,H,WH,5/16/2012,"Hull, Leah "
E1,E1-1st time enrolled this year,4098,"Rice, Rajan ",0,8/17/2017,2360452,M,N,WH,6/30/2012,"Hull, Leah "
E1,E1-1st time enrolled this year,4153,"George, Harris ",0,8/17/2017,2365226,F,H,WH,7/24/2012,"Hull, Leah "
E1,E1-1st time enrolled this year,4099,"O'Ryan, Kaiden ",0,8/17/2017,2435916,M,N,WH,12/25/2011,"Hull, Leah "
E1,E1-1st time enrolled this year,4107,"Vasquez, Herbie ",0,8/17/2017,2435917,M,N,WH,5/4/2012,"Hull, Leah "
E1,E1-1st time enrolled this year,4108,"Frame, Ronny ",0,8/17/2017,2435918,M,H,WH,6/11/2012,"Hull, Leah "
E1,E1-1st time enrolled this year,4091,"Martins, Kobi ",0,8/17/2017,2435913,F,N,WH,5/10/2012,"Hull, Leah "
E1,E1-1st time enrolled this year,4109,"Pugh, Faizaan ",0,8/17/2017,2435919,M,N,WH,3/29/2012,"Hull, Leah "
E1,E1-1st time enrolled this year,4110,"Sutherland, Heidi ",0,8/17/2017,2161302,F,N,WH,9/25/2011,"Hull, Leah "
E1,E1-1st time enrolled this year,3902,"Mckenna, Jayden-Lee ",0,8/17/2017,2333097,M,H,WH,5/26/2011,"Hull, Leah "
E1,E1-1st time enrolled this year,4144,"Hancock, Shea ",0,8/17/2017,2377065,M,N,WH,3/14/2012,"Hull, Leah "
E1,E1-1st time enrolled this year,4115,"Potts, Clay ",0,8/17/2017,2435923,M,N,WH,10/24/2011,"Hull, Leah "
E1,E1-1st time enrolled this year,4116,"Alcock, Kaeden ",0,8/17/2017,2435924,M,N,WH,6/21/2012,"Hull, Leah "
E1,E1-1st time enrolled this year,4120,"Seymour, April ",0,8/17/2017,2245826,F,N,WH,2/29/2012,"Hull, Leah "
E1,E1-1st time enrolled this year,4042,"Pitts, Azeem ",0,8/17/2017,2428867,M,H,WH,2/8/2012,"Hull, Leah "
E1,E1-1st time enrolled this year,4122,"Schultz, Kendal ",0,8/17/2017,2435927,M,N,WH,1/23/2012,"Hull, Leah "
E1,E1-1st time enrolled this year,4124,"Knights, Reece ",0,8/17/2017,2435929,F,N,WH,7/11/2012,"Hull, Leah "
E1,E1-1st time enrolled this year,4125,"Medrano, Bridie ",0,8/17/2017,2212841,F,N,MU,3/9/2012,"Hull, Leah "
E1,E1-1st time enrolled this year,4166,"Reid, Carys ",0,8/17/2017,2435754,F,N,WH,7/17/2012,"Hull, Leah "
E1,E1-1st time enrolled this year,4126,"Wynn, Safa ",0,8/17/2017,2435930,F,N,WH,10/5/2011,"Hull, Leah "
E1,E1-1st time enrolled this year,4127,"Bassett, Chaya ",0,8/17/2017,2435931,F,H,WH,4/1/2012,"Hull, Leah "
E1,E1-1st time enrolled this year,4047,"Rees, Milton ",0,8/17/2017,2428868,M,N,WH,2/22/2012,"Colley, Alex "
E1,E1-1st time enrolled this year,4048,"Thorpe, Ryley ",0,8/17/2017,2365147,F,N,WH,10/7/2011,"Colley, Alex "
E1,E1-1st time enrolled this year,4173,"Mueller, Murray ",0,8/17/2017,2284026,M,H,WH,3/6/2012,"Colley, Alex "
E1,E1-1st time enrolled this year,4052,"Hunter, Sabiha ",0,8/17/2017,2435894,F,H,IN,10/13/2011,"Colley, Alex "
E1,E1-1st time enrolled this year,4061,"Huerta, Kaydan ",0,8/17/2017,2435896,M,H,MU,10/11/2011,"Colley, Alex "
E1,E1-1st time enrolled this year,4063,"Hopkins, Kobi ",0,8/17/2017,2435897,M,N,WH,8/22/2012,"Colley, Alex "
E1,E1-1st time enrolled this year,4064,"Howard, Esmae ",0,8/17/2017,2435898,F,N,WH,11/9/2011,"Colley, Alex "
E1,E1-1st time enrolled this year,4139,"Davidson, Shannen ",0,8/17/2017,2435749,F,H,WH,10/26/2011,"Colley, Alex "
E1,E1-1st time enrolled this year,4065,"Vazquez, Khloe ",0,8/17/2017,2435899,F,N,WH,3/2/2012,"Colley, Alex "
E1,E1-1st time enrolled this year,4070,"Juarez, Sami ",0,8/17/2017,2435901,M,N,WH,12/17/2011,"Colley, Alex "
E1,E1-1st time enrolled this year,4176,"Jackson, Kasim ",0,8/22/2017,2435082,M,N,WH,5/17/2012,"Colley, Alex "
E1,E1-1st time enrolled this year,4149,"Easton, Evie-May ",0,8/17/2017,2366999,F,H,WH,7/5/2012,"Colley, Alex "
E1,E1-1st time enrolled this year,4133,"Simons, Clyde ",0,8/17/2017,2406911,M,N,WH,3/11/2012,"Colley, Alex "
E1,E1-1st time enrolled this year,4163,"Fowler, Macey ",0,8/17/2017,2247349,M,H,MU,11/27/2011,"Colley, Alex "
E1,E1-1st time enrolled this year,4078,"Enriquez, Trevor ",0,8/17/2017,2435904,M,N,WH,9/7/2011,"Colley, Alex "
E1,E1-1st time enrolled this year,4083,"Stephens, August ",0,8/17/2017,2435908,F,H,WH,8/2/2012,"Colley, Alex "
E1,E1-1st time enrolled this year,4129,"Leech, Mila-Rose ",0,8/17/2017,2435933,F,N,WH,9/5/2011,"Colley, Alex "
E1,E1-1st time enrolled this year,4084,"Snow, Freya ",0,8/17/2017,2435909,F,N,WH,12/12/2011,"Colley, Alex "
E1,E1-1st time enrolled this year,4085,"Bone, Caiden ",0,8/17/2017,2435910,M,N,MU,7/7/2012,"Colley, Alex "
E1,E1-1st time enrolled this year,4086,"Browning, Kristina ",0,8/17/2017,2435911,F,H,WH,11/13/2011,"Colley, Alex "
E1,E1-1st time enrolled this year,4087,"Pruitt, Belle ",0,8/17/2017,2367007,M,H,WH,7/22/2012,"Colley, Alex "
E1,E1-1st time enrolled this year,4128,"Macgregor, Dione ",0,8/17/2017,2435932,F,N,WH,8/10/2012,"Colley, Alex "
E1,E1-1st time enrolled this year,4092,"Santos, Fox ",0,8/17/2017,2435914,F,N,WH,7/6/2012,"Colley, Alex "
E1,E1-1st time enrolled this year,4159,"Flynn, Huw ",0,8/17/2017,2435752,M,N,WH,7/18/2012,"Colley, Alex "
E1,E1-1st time enrolled this year,4096,"Burns, Tymoteusz ",0,8/17/2017,2435915,M,N,WH,11/23/2011,"Colley, Alex "
E1,E1-1st time enrolled this year,4157,"Cordova, Keeley ",0,8/17/2017,2382741,M,H,WH,5/16/2012,"Colley, Alex "
E1,E1-1st time enrolled this year,4103,"Rodriguez, Sandra ",0,8/17/2017,2229995,F,N,WH,6/8/2012,"Colley, Alex "
E1,E1-1st time enrolled this year,4105,"Nelson, Kourtney ",0,8/17/2017,2159996,M,H,WH,9/10/2011,"Colley, Alex "
E1,E1-1st time enrolled this year,4121,"Mcdowell, Fern ",0,8/17/2017,2435926,F,H,WH,2/16/2012,"Colley, Alex "
E1,E1-1st time enrolled this year,4154,"Kendall, Adrian ",0,8/17/2017,2405849,M,N,WH,10/2/2011,"Colley, Alex "
E1,E1-1st time enrolled this year,4111,"Allison, Samiha ",0,8/17/2017,2435920,F,N,WH,4/18/2012,"Colley, Alex "
E1,E1-1st time enrolled this year,4112,"Hewitt, Matthew ",0,8/17/2017,2435921,M,N,BL,10/25/2011,"Colley, Alex "
E1,E1-1st time enrolled this year,4114,"Watson, Bertram ",0,8/17/2017,2435922,M,N,PI,1/17/2012,"Colley, Alex "
E1,E1-1st time enrolled this year,4117,"Roth, Destiny ",0,8/17/2017,2435925,M,N,WH,3/13/2012,"Colley, Alex "
E1,E1-1st time enrolled this year,4118,"Macfarlane, Santino ",0,8/17/2017,2436649,M,N,WH,6/23/2012,"Colley, Alex "
E1,E1-1st time enrolled this year,4119,"Kim, Kaylem ",0,8/17/2017,2302412,M,N,WH,9/9/2011,"Colley, Alex "
E1,E1-1st time enrolled this year,4123,"Price, Kai ",0,8/17/2017,2435928,M,N,WH,4/23/2012,"Colley, Alex "
E1,E1-1st time enrolled this year,4014,"Hawes, Geraldine ",1,8/17/2017,2332133,F,N,WH,11/13/2010,"Whitley, Vivien "
E1,E1-1st time enrolled this year,4178,"Dillard, Adaline ",1,9/8/2017,2360512,F,N,WH,1/19/2012,"Whitley, Vivien "
E1,E1-1st time enrolled this year,3803,"Cantu, Shelbie ",1,8/17/2017,2159965,F,N,WH,5/11/2011,"Whitley, Vivien "
E1,E1-1st time enrolled this year,3804,"Dodd, Freyja ",1,8/17/2017,2333051,F,N,MU,2/25/2011,"Whitley, Vivien "
E1,E1-1st time enrolled this year,3805,"Wheatley, Shiv ",1,8/17/2017,2310988,M,N,WH,1/11/2011,"Whitley, Vivien "
E1,E1-1st time enrolled this year,3830,"Trevino, Jazmyn ",1,8/17/2017,2333065,F,N,WH,5/9/2011,"Whitley, Vivien "
E1,E1-1st time enrolled this year,4054,"Buck, Wilma ",1,9/27/2017,2435895,F,N,AS,9/21/2011,"Whitley, Vivien "
E1,E1-1st time enrolled this year,4043,"O'Quinn, Riley-Jay ",1,8/17/2017,2333052,M,N,WH,12/21/2010,"Whitley, Vivien "
E1,E1-1st time enrolled this year,3810,"Fox, Hibba ",1,8/17/2017,2333054,F,N,WH,9/9/2010,"Whitley, Vivien "
E1,E1-1st time enrolled this year,3811,"Dodson, Harleigh ",1,8/17/2017,2310361,M,N,WH,2/2/2011,"Whitley, Vivien "
E1,E1-1st time enrolled this year,3817,"Herman, Jia ",1,8/17/2017,2333058,F,N,WH,12/2/2010,"Whitley, Vivien "
E1,E1-1st time enrolled this year,3845,"Russell, Mohamed ",1,8/17/2017,2333069,M,H,WH,11/18/2010,"Whitley, Vivien "
E1,E1-1st time enrolled this year,3820,"Hamilton, Eren ",1,8/17/2017,2333060,M,N,WH,2/2/2011,"Whitley, Vivien "
E1,E1-1st time enrolled this year,3955,"Peck, Eshaan ",1,8/17/2017,2337222,M,H,WH,3/24/2011,"Whitley, Vivien "
E1,E1-1st time enrolled this year,3834,"Booker, Aurora ",1,8/17/2017,2333066,F,H,WH,7/6/2011,"Whitley, Vivien "
E1,E1-1st time enrolled this year,3824,"Ashton, Jannat ",1,8/17/2017,2309237,F,N,WH,4/15/2011,"Whitley, Vivien "
E1,E1-1st time enrolled this year,3848,"Molina, Inaaya ",1,8/17/2017,2333071,F,H,WH,7/13/2011,"Whitley, Vivien "
E1,E1-1st time enrolled this year,3855,"Garrison, Zak ",1,8/17/2017,2312057,M,H,WH,3/26/2011,"Whitley, Vivien "
E1,E1-1st time enrolled this year,3882,"Larsen, Darcie-Mae ",1,8/17/2017,2333088,F,N,WH,7/28/2011,"Whitley, Vivien "
E1,E1-1st time enrolled this year,3865,"Mckee, Dulcie ",1,8/17/2017,2333078,F,N,MU,7/1/2011,"Whitley, Vivien "
E1,E1-1st time enrolled this year,3866,"Gardner, Aqeel ",1,8/17/2017,2333079,M,N,WH,7/5/2011,"Whitley, Vivien "
E1,E1-1st time enrolled this year,3885,"Daly, Murat ",1,8/17/2017,2333090,M,N,WH,4/5/2011,"Whitley, Vivien "
E1,E1-1st time enrolled this year,4069,"Allen, Katherine ",1,8/17/2017,2336723,F,N,WH,6/21/2011,"Whitley, Vivien "
E1,E1-1st time enrolled this year,3886,"Zuniga, Russell ",1,8/17/2017,2333091,M,N,WH,2/1/2011,"Whitley, Vivien "
E1,E1-1st time enrolled this year,3889,"Maynard, Kristin ",1,8/17/2017,2307029,F,N,WH,7/13/2011,"Whitley, Vivien "
E1,E1-1st time enrolled this year,3935,"Hobbs, Bryson ",1,8/17/2017,2333112,M,N,WH,1/4/2011,"Whitley, Vivien "
E1,E1-1st time enrolled this year,3900,"Lyon, Brenda ",1,8/17/2017,2333096,F,H,WH,11/9/2010,"Whitley, Vivien "
E1,E1-1st time enrolled this year,3903,"Glass, Jessie ",1,8/17/2017,2310543,M,N,BL,3/20/2011,"Whitley, Vivien "
E1,E1-1st time enrolled this year,4146,"Frank, Imani ",1,8/17/2017,2371882,M,N,WH,10/21/2010,"Whitley, Vivien "
E1,E1-1st time enrolled this year,3799,"Mccarty, Persephone ",1,8/17/2017,2333049,F,H,MU,8/15/2011,"Meza, Bronwen "
E1,E1-1st time enrolled this year,3798,"Houghton, Malachi ",1,8/17/2017,2333048,M,N,WH,6/6/2011,"Meza, Bronwen "
E1,E1-1st time enrolled this year,4041,"Knowles, Kacper ",1,8/17/2017,2372450,M,N,AS,8/2/2011,"Meza, Bronwen "
E1,E1-1st time enrolled this year,3814,"Todd, Cinar ",1,8/17/2017,2333055,M,N,AS,9/2/2010,"Meza, Bronwen "
E1,E1-1st time enrolled this year,3837,"Penn, Kailan ",1,8/17/2017,2242107,M,N,WH,12/22/2010,"Meza, Bronwen "
E1,E1-1st time enrolled this year,3939,"Devine, Ebony ",1,8/17/2017,2158320,M,H,WH,8/20/2011,"Meza, Bronwen "
E1,E1-1st time enrolled this year,4013,"Orozco, Mac ",1,8/17/2017,2087170,M,N,WH,12/30/2010,"Meza, Bronwen "
E1,E1-1st time enrolled this year,4179,"Heath, Issac ",1,9/18/2017,2358168,M,N,AS,8/30/2011,"Meza, Bronwen "
E1,E1-1st time enrolled this year,3868,"Busby, Pixie ",1,8/17/2017,2333081,F,N,WH,7/13/2011,"Meza, Bronwen "
E1,E1-1st time enrolled this year,3869,"Jones, Robin ",1,8/17/2017,2333082,M,N,MU,1/14/2011,"Meza, Bronwen "
E1,E1-1st time enrolled this year,3870,"Herman, Sara ",1,8/17/2017,2333083,M,N,WH,9/24/2010,"Meza, Bronwen "
E1,E1-1st time enrolled this year,3871,"Werner, Zaid ",1,8/17/2017,2307800,M,H,WH,3/21/2011,"Meza, Bronwen "
E1,E1-1st time enrolled this year,3875,"Sandoval, Reya ",1,8/17/2017,2333085,F,H,WH,6/28/2011,"Meza, Bronwen "
E1,E1-1st time enrolled this year,3880,"Bevan, Elliott ",1,8/17/2017,2333086,M,N,WH,4/7/2011,"Meza, Bronwen "
E1,E1-1st time enrolled this year,3884,"Booth, Gillian ",1,8/17/2017,2333089,F,N,WH,4/3/2011,"Meza, Bronwen "
E1,E1-1st time enrolled this year,4039,"Mcneill, Sohail ",1,8/17/2017,2372373,M,N,WH,7/12/2011,"Meza, Bronwen "
E1,E1-1st time enrolled this year,3898,"Ratcliffe, Fahmida ",1,8/17/2017,2308112,F,H,WH,2/3/2011,"Meza, Bronwen "
E1,E1-1st time enrolled this year,3967,"Kearns, Robbie ",1,8/17/2017,2342300,M,H,WH,8/1/2010,"Meza, Bronwen "
E1,E1-1st time enrolled this year,3899,"Kenny, Clive ",1,8/17/2017,2292899,M,N,WH,11/24/2010,"Meza, Bronwen "
E1,E1-1st time enrolled this year,4151,"Davey, Jemima ",1,8/17/2017,2358171,F,N,WH,7/11/2011,"Meza, Bronwen "
E1,E1-1st time enrolled this year,3905,"Quinn, Tierney ",1,8/17/2017,2333099,M,N,BL,1/22/2011,"Meza, Bronwen "
E1,E1-1st time enrolled this year,3910,"Flower, Indigo ",1,8/17/2017,2333103,F,N,WH,8/30/2011,"Meza, Bronwen "
E1,E1-1st time enrolled this year,4145,"Roman, Felix ",1,8/17/2017,2292983,F,N,WH,6/3/2010,"Meza, Bronwen "
E1,E1-1st time enrolled this year,3911,"Brett, Cali ",1,8/17/2017,2333104,F,N,WH,5/16/2011,"Meza, Bronwen "
E1,E1-1st time enrolled this year,4172,"Plant, Rosina ",1,8/17/2017,2313849,F,H,WH,12/24/2010,"Meza, Bronwen "
E1,E1-1st time enrolled this year,3920,"Friedman, Liberty ",1,8/17/2017,2333107,F,N,WH,1/30/2011,"Meza, Bronwen "
E1,E1-1st time enrolled this year,3922,"Franks, Harri ",1,8/17/2017,2333108,F,N,WH,10/3/2010,"Meza, Bronwen "
E1,E1-1st time enrolled this year,3924,"Weber, Cody ",1,8/17/2017,2333109,F,N,WH,6/24/2011,"Meza, Bronwen "
E1,E1-1st time enrolled this year,3930,"Rush, Maison ",1,8/17/2017,2283847,M,H,WH,6/5/2011,"Meza, Bronwen "
E1,E1-1st time enrolled this year,3800,"Lacey, Gina ",1,8/17/2017,2333050,F,N,WH,5/4/2011,"Rennie, Eilish "
E1,E1-1st time enrolled this year,3812,"Mueller, Mariam ",1,8/17/2017,2284070,F,N,WH,3/2/2011,"Rennie, Eilish "
E1,E1-1st time enrolled this year,3813,"Leon, Nayan ",1,8/17/2017,2159231,M,N,WH,10/12/2010,"Rennie, Eilish "
E1,E1-1st time enrolled this year,3815,"Browning, Ryder ",1,8/17/2017,2333056,M,N,WH,5/15/2011,"Rennie, Eilish "
E1,E1-1st time enrolled this year,4055,"Nava, Henri ",1,8/17/2017,2335012,M,N,WH,8/2/2011,"Rennie, Eilish "
E1,E1-1st time enrolled this year,3816,"Grey, Isaac ",1,8/17/2017,2333057,M,N,WH,9/17/2010,"Rennie, Eilish "
E1,E1-1st time enrolled this year,3821,"Baxter, Ishan ",1,8/17/2017,2333061,M,H,WH,9/30/2010,"Rennie, Eilish "
E1,E1-1st time enrolled this year,3846,"Burris, Alanah ",1,8/17/2017,2333070,F,N,AS,11/10/2010,"Rennie, Eilish "
E1,E1-1st time enrolled this year,3819,"Porter, Kuba ",1,8/17/2017,2333059,M,N,WH,4/5/2011,"Rennie, Eilish "
E1,E1-1st time enrolled this year,3947,"Akhtar, Elis ",1,8/17/2017,2333115,M,N,MU,4/25/2011,"Rennie, Eilish "
E1,E1-1st time enrolled this year,3826,"Gould, Anne ",1,8/17/2017,2333062,F,H,WH,2/24/2011,"Rennie, Eilish "
E1,E1-1st time enrolled this year,4071,"Broughton, Carlos ",1,8/17/2017,2206878,M,N,WH,7/10/2010,"Rennie, Eilish "
E1,E1-1st time enrolled this year,3891,"Schneider, Pierre ",1,8/17/2017,2333094,M,N,WH,3/14/2011,"Rennie, Eilish "
E1,E1-1st time enrolled this year,3895,"Hume, Willa ",1,8/17/2017,2333095,M,H,WH,1/11/2011,"Rennie, Eilish "
E1,E1-1st time enrolled this year,3860,"Martinez, Kiana ",1,8/17/2017,2310341,F,N,WH,3/11/2011,"Rennie, Eilish "
E1,E1-1st time enrolled this year,3861,"Sosa, Elijah ",1,8/17/2017,2333077,M,N,WH,1/1/2011,"Rennie, Eilish "
E1,E1-1st time enrolled this year,4161,"Handley, Iram ",1,8/17/2017,2351612,F,N,AS,4/19/2011,"Rennie, Eilish "
E1,E1-1st time enrolled this year,3995,"Braun, Kayley ",1,8/17/2017,2335916,F,N,WH,7/21/2011,"Rennie, Eilish "
E1,E1-1st time enrolled this year,3878,"Burris, Ammaar ",1,8/17/2017,2220395,M,N,WH,11/27/2010,"Rennie, Eilish "
E1,E1-1st time enrolled this year,3981,"Morse, Annabel ",1,8/17/2017,2342302,F,N,WH,3/10/2011,"Rennie, Eilish "
E1,E1-1st time enrolled this year,3888,"Armstrong, Casey ",1,8/17/2017,2333092,F,N,WH,5/31/2011,"Rennie, Eilish "
E1,E1-1st time enrolled this year,3890,"Simmonds, Keziah ",1,8/17/2017,2333093,F,N,WH,7/15/2011,"Rennie, Eilish "
E1,E1-1st time enrolled this year,4134,"England, Hunter ",1,8/17/2017,2308008,F,N,WH,11/4/2010,"Rennie, Eilish "
E1,E1-1st time enrolled this year,3906,"Dixon, Dominik ",1,8/17/2017,2333100,M,H,WH,11/10/2010,"Rennie, Eilish "
E1,E1-1st time enrolled this year,3908,"Proctor, Mahamed ",1,8/17/2017,2333102,M,N,WH,11/17/2010,"Rennie, Eilish "
E1,E1-1st time enrolled this year,3918,"Watkins, Abby ",1,8/17/2017,2307547,F,H,WH,9/10/2010,"Rennie, Eilish "
E1,E1-1st time enrolled this year,3923,"Stevens, Naomi ",1,8/17/2017,2150141,F,N,WH,1/18/2011,"Rennie, Eilish "
E1,E1-1st time enrolled this year,3927,"Coombes, Etta ",1,8/17/2017,2211805,F,N,MU,7/13/2010,"Rennie, Eilish "
E1,E1-1st time enrolled this year,3996,"Wilkerson, Steve ",2,8/17/2017,2221822,M,N,WH,5/9/2010,"Grainger, Ethan "
E1,E1-1st time enrolled this year,3608,"Hill, Benas ",2,8/17/2017,2161379,M,N,WH,9/17/2009,"Grainger, Ethan "
E1,E1-1st time enrolled this year,3610,"Rios, Lamar ",2,8/17/2017,2294523,M,N,WH,12/30/2009,"Grainger, Ethan "
E1,E1-1st time enrolled this year,3793,"Greaves, Danielle ",2,8/17/2017,2281211,F,H,WH,3/20/2010,"Grainger, Ethan "
E1,E1-1st time enrolled this year,3836,"Mccoy, Gwion ",2,8/17/2017,2333067,M,N,BL,4/19/2010,"Grainger, Ethan "
E1,E1-1st time enrolled this year,3616,"Daniel, Sonya ",2,8/17/2017,2294527,F,N,WH,4/22/2010,"Grainger, Ethan "
E1,E1-1st time enrolled this year,3619,"Mendez, Aysha ",2,8/17/2017,2294529,F,N,WH,8/10/2010,"Grainger, Ethan "
E1,E1-1st time enrolled this year,3631,"O'Moore, Keeley ",2,8/17/2017,2207001,F,H,WH,12/25/2009,"Grainger, Ethan "
E1,E1-1st time enrolled this year,3636,"Downs, Joy ",2,8/17/2017,2294537,M,N,WH,3/25/2010,"Grainger, Ethan "
E1,E1-1st time enrolled this year,3637,"Winter, Johnathon ",2,8/17/2017,2224392,M,N,WH,11/17/2009,"Grainger, Ethan "
E1,E1-1st time enrolled this year,3842,"Krause, Clyde ",2,8/17/2017,2284303,M,N,WH,5/10/2010,"Grainger, Ethan "
E1,E1-1st time enrolled this year,3987,"Hale, Ashley ",2,8/17/2017,2342937,M,N,WH,1/27/2010,"Grainger, Ethan "
E1,E1-1st time enrolled this year,3658,"Cherry, Nyla ",2,8/17/2017,2294547,F,N,MU,1/22/2010,"Grainger, Ethan "
E1,E1-1st time enrolled this year,3990,"Krueger, Cienna ",2,8/17/2017,2073899,F,N,WH,4/18/2010,"Grainger, Ethan "
E1,E1-1st time enrolled this year,3695,"Sharpe, Imaani ",2,8/17/2017,2294566,F,H,WH,1/29/2010,"Grainger, Ethan "
E1,E1-1st time enrolled this year,3873,"Livingston, Harlee ",2,8/17/2017,2333084,M,N,WH,10/13/2009,"Grainger, Ethan "
E1,E1-1st time enrolled this year,3874,"Velasquez, Brady ",2,8/17/2017,2013747,M,N,WH,3/25/2010,"Grainger, Ethan "
E1,E1-1st time enrolled this year,3675,"Norris, Rosa ",2,8/17/2017,2294554,F,N,WH,4/29/2010,"Grainger, Ethan "
E1,E1-1st time enrolled this year,3677,"Noble, Asa ",2,8/17/2017,2075048,M,N,PI,11/30/2009,"Grainger, Ethan "
E1,E1-1st time enrolled this year,3749,"Ferguson, Peter ",2,8/17/2017,2222112,M,N,MU,12/20/2009,"Grainger, Ethan "
E1,E1-1st time enrolled this year,3696,"Pena, Brody ",2,8/17/2017,2206796,F,N,WH,10/24/2009,"Grainger, Ethan "
E1,E1-1st time enrolled this year,3686,"Markham, Ayva ",2,8/17/2017,2294560,F,H,WH,4/25/2010,"Grainger, Ethan "
E1,E1-1st time enrolled this year,3688,"Fitzgerald, Asha ",2,8/17/2017,2294562,M,N,WH,6/16/2010,"Grainger, Ethan "
E1,E1-1st time enrolled this year,3689,"Kenny, Tiarna ",2,8/17/2017,2294563,F,H,WH,3/24/2010,"Grainger, Ethan "
E1,E1-1st time enrolled this year,3698,"Adams, Kajetan ",2,8/17/2017,2294567,M,N,WH,11/12/2009,"Grainger, Ethan "
E1,E1-1st time enrolled this year,3706,"Braun, Lina ",2,8/17/2017,2294572,F,N,WH,11/26/2009,"Grainger, Ethan "
E1,E1-1st time enrolled this year,3711,"Bradshaw, Rikki ",2,8/17/2017,2294575,F,N,WH,1/9/2010,"Grainger, Ethan "
E1,E1-1st time enrolled this year,3609,"Chen, Malachy ",2,8/17/2017,2294522,M,N,AS,6/4/2010,"Taylor, Samirah "
E1,E1-1st time enrolled this year,3612,"Mccarty, Huzaifa ",2,8/17/2017,2225405,M,H,IN,7/16/2010,"Taylor, Samirah "
E1,E1-1st time enrolled this year,3771,"Weber, Arya ",2,8/17/2017,2294597,M,N,WH,2/23/2009,"Taylor, Samirah "
E1,E1-1st time enrolled this year,3954,"Cotton, Lilly-Mae ",2,8/17/2017,2248382,F,N,WH,7/27/2010,"Taylor, Samirah "
E1,E1-1st time enrolled this year,3615,"Milne, Lemar ",2,8/17/2017,2294526,M,H,WH,7/16/2010,"Taylor, Samirah "
E1,E1-1st time enrolled this year,3618,"Clements, Rudra ",2,8/17/2017,2294528,M,N,WH,7/4/2009,"Taylor, Samirah "
E1,E1-1st time enrolled this year,3621,"Guzman, Odin ",2,8/17/2017,2294530,M,N,AS,1/9/2010,"Taylor, Samirah "
E1,E1-1st time enrolled this year,3633,"Drake, Donte ",2,8/17/2017,2222520,M,N,WH,5/28/2010,"Taylor, Samirah "
E1,E1-1st time enrolled this year,3759,"Miranda, Stacy ",2,8/17/2017,2232950,F,N,WH,7/13/2010,"Taylor, Samirah "
E1,E1-1st time enrolled this year,3751,"Cote, Henna ",2,8/17/2017,2294591,F,H,WH,12/6/2009,"Taylor, Samirah "
E1,E1-1st time enrolled this year,4158,"Wills, Kody ",2,8/17/2017,2275055,F,N,WH,7/20/2010,"Taylor, Samirah "
E1,E1-1st time enrolled this year,3717,"Gamble, Clare ",2,8/17/2017,2294580,F,N,WH,9/18/2009,"Taylor, Samirah "
E1,E1-1st time enrolled this year,3767,"Snyder, Emmy ",2,8/17/2017,2294596,F,H,WH,9/27/2009,"Taylor, Samirah "
E1,E1-1st time enrolled this year,3664,"Nichols, Jia ",2,8/17/2017,2247425,M,N,WH,11/20/2009,"Taylor, Samirah "
E1,E1-1st time enrolled this year,3748,"Neville, Diesel ",2,8/17/2017,2294590,M,N,WH,7/20/2010,"Taylor, Samirah "
E1,E1-1st time enrolled this year,3685,"Dillard, Amit ",2,8/17/2017,2294559,M,H,AS,5/19/2010,"Taylor, Samirah "
E1,E1-1st time enrolled this year,3687,"Baker, Matthew ",2,8/17/2017,2294561,M,N,BL,1/11/2010,"Taylor, Samirah "
E1,E1-1st time enrolled this year,4150,"Dunn, Pixie ",2,8/17/2017,2359175,F,N,WH,4/11/2010,"Taylor, Samirah "
E1,E1-1st time enrolled this year,4135,"Mcintosh, Umayr ",2,8/17/2017,2220751,M,N,WH,7/8/2009,"Taylor, Samirah "
E1,E1-1st time enrolled this year,3691,"Ali, Toni ",2,8/17/2017,2294564,M,N,WH,2/9/2010,"Taylor, Samirah "
E1,E1-1st time enrolled this year,3944,"Hardy, Sallie ",2,8/17/2017,2207018,F,H,WH,5/6/2010,"Taylor, Samirah "
E1,E1-1st time enrolled this year,3969,"Booker, Vernon ",2,8/17/2017,2282913,M,H,WH,10/7/2009,"Taylor, Samirah "
E1,E1-1st time enrolled this year,3704,"Simons, Divine ",2,8/17/2017,2294570,M,N,WH,8/8/2010,"Taylor, Samirah "
E1,E1-1st time enrolled this year,3705,"Mill, Eli ",2,8/17/2017,2294571,F,N,WH,11/5/2009,"Taylor, Samirah "
E1,E1-1st time enrolled this year,4020,"Bains, Kit ",2,8/17/2017,2378622,F,N,WH,5/17/2010,"Taylor, Samirah "
E1,E1-1st time enrolled this year,3720,"Finley, Casey ",2,8/17/2017,2222279,M,N,WH,11/11/2009,"Taylor, Samirah "
E1,E1-1st time enrolled this year,3742,"Pittman, Cory ",2,8/17/2017,2294587,F,N,WH,9/18/2009,"Taylor, Samirah "
E1,E1-1st time enrolled this year,3611,"Sparks, Ernest ",2,8/17/2017,2294524,M,N,WH,2/14/2010,"Bradshaw, Edith "
E1,E1-1st time enrolled this year,3613,"Cano, Jimmy ",2,8/17/2017,2294525,M,N,AS,12/31/2009,"Bradshaw, Edith "
E1,E1-1st time enrolled this year,3617,"Fox, Sean ",2,8/17/2017,2207072,M,H,WH,6/3/2010,"Bradshaw, Edith "
E1,E1-1st time enrolled this year,4177,"Osborn, Avi ",2,9/7/2017,2222618,F,N,WH,12/31/2009,"Bradshaw, Edith "
E1,E1-1st time enrolled this year,4058,"Hoover, Nusaybah ",2,8/17/2017,2292935,F,N,WH,5/3/2010,"Bradshaw, Edith "
E1,E1-1st time enrolled this year,3626,"Franco, Tamzin ",2,8/17/2017,2294532,F,N,WH,2/15/2010,"Bradshaw, Edith "
E1,E1-1st time enrolled this year,3972,"Jennings, Isma ",2,8/17/2017,2342301,F,N,PI,9/27/2010,"Bradshaw, Edith "
E1,E1-1st time enrolled this year,3762,"Skinner, Orson ",2,8/17/2017,2294595,M,N,WH,1/22/2010,"Bradshaw, Edith "
E1,E1-1st time enrolled this year,3992,"Macias, Lillie-Rose ",2,8/17/2017,2207004,F,H,WH,12/15/2009,"Bradshaw, Edith "
E1,E1-1st time enrolled this year,4140,"Humphreys, Zeenat ",2,8/17/2017,2281591,F,N,WH,8/3/2010,"Bradshaw, Edith "
E1,E1-1st time enrolled this year,3970,"Lake, Blythe ",2,8/17/2017,2225126,M,N,WH,6/26/2010,"Bradshaw, Edith "
E1,E1-1st time enrolled this year,3650,"Hayward, Emilio ",2,8/17/2017,2294543,M,N,WH,5/19/2010,"Bradshaw, Edith "
E1,E1-1st time enrolled this year,3648,"Puckett, Raphael ",2,8/17/2017,2294542,M,N,WH,8/24/2010,"Bradshaw, Edith "
E1,E1-1st time enrolled this year,3655,"Begum, Kirstie ",2,8/17/2017,2294546,F,H,WH,8/19/2010,"Bradshaw, Edith "
E1,E1-1st time enrolled this year,3666,"Cordova, Ria ",2,8/17/2017,2206889,F,N,WH,2/24/2010,"Bradshaw, Edith "
E1,E1-1st time enrolled this year,3672,"Ayala, Shah ",2,8/17/2017,2294553,M,N,WH,12/3/2009,"Bradshaw, Edith "
E1,E1-1st time enrolled this year,3678,"West, Deacon ",2,8/17/2017,2294556,M,N,WH,8/20/2010,"Bradshaw, Edith "
E1,E1-1st time enrolled this year,3682,"Andrews, Menaal ",2,8/17/2017,2163118,F,H,MU,3/13/2010,"Bradshaw, Edith "
E1,E1-1st time enrolled this year,3776,"Mccray, Marissa ",2,8/17/2017,2287546,F,N,WH,8/22/2010,"Bradshaw, Edith "
E1,E1-1st time enrolled this year,3692,"Lopez, Freja ",2,8/17/2017,2294565,F,N,WH,12/22/2009,"Bradshaw, Edith "
E1,E1-1st time enrolled this year,4136,"Denton, Chaya ",2,8/17/2017,2292985,F,N,WH,7/5/2009,"Bradshaw, Edith "
E1,E1-1st time enrolled this year,3917,"Arellano, Quinn ",2,8/17/2017,2281619,F,H,WH,6/7/2009,"Bradshaw, Edith "
E1,E1-1st time enrolled this year,3701,"Henderson, Diego ",2,8/17/2017,2129787,M,N,WH,4/15/2010,"Bradshaw, Edith "
E1,E1-1st time enrolled this year,3703,"Townsend, Teri ",2,8/17/2017,2222285,F,H,WH,7/28/2010,"Bradshaw, Edith "
E1,E1-1st time enrolled this year,3709,"Mohamed, Siyana ",2,8/17/2017,2222114,F,N,WH,4/7/2010,"Bradshaw, Edith "
E1,E1-1st time enrolled this year,3710,"Wyatt, Madina ",2,8/17/2017,2294574,F,N,WH,8/22/2010,"Bradshaw, Edith "
E1,E1-1st time enrolled this year,3716,"Andrews, Joseff ",2,8/17/2017,2206801,M,H,WH,11/17/2009,"Bradshaw, Edith "
E1,E1-1st time enrolled this year,4046,"Barrow, Jodie ",3,8/17/2017,2275022,M,N,WH,3/4/2009,"Spencer, Tanisha "
E1,E1-1st time enrolled this year,3450,"Sandoval, Myrtle ",3,8/17/2017,2226156,F,H,WH,10/19/2008,"Spencer, Tanisha "
E1,E1-1st time enrolled this year,3451,"Vargas, Imaad ",3,8/17/2017,2226157,M,N,AS,9/10/2008,"Spencer, Tanisha "
E1,E1-1st time enrolled this year,3452,"Burks, Myron ",3,8/17/2017,2226158,M,N,MU,1/20/2009,"Spencer, Tanisha "
E1,E1-1st time enrolled this year,3818,"Sanderson, Tasmin ",3,8/17/2017,2215915,F,N,WH,6/21/2009,"Spencer, Tanisha "
E1,E1-1st time enrolled this year,3400,"Crawford, Shanna ",3,8/17/2017,1939193,F,H,WH,10/21/2008,"Spencer, Tanisha "
E1,E1-1st time enrolled this year,3402,"Cherry, Antoine ",3,8/17/2017,2220345,M,N,WH,10/3/2008,"Spencer, Tanisha "
E1,E1-1st time enrolled this year,3454,"Walton, Kiana ",3,8/17/2017,2226160,F,N,WH,9/8/2008,"Spencer, Tanisha "
E1,E1-1st time enrolled this year,3591,"Becker, Jude ",3,8/17/2017,2213807,M,N,MU,5/8/2009,"Spencer, Tanisha "
E1,E1-1st time enrolled this year,3462,"Tran, Moshe ",3,8/17/2017,2226165,M,H,WH,9/7/2008,"Spencer, Tanisha "
E1,E1-1st time enrolled this year,3464,"Shannon, Hughie ",3,8/17/2017,2226166,M,H,WH,7/11/2009,"Spencer, Tanisha "
E1,E1-1st time enrolled this year,3410,"Clements, Adele ",3,8/17/2017,2225821,F,N,WH,10/21/2008,"Spencer, Tanisha "
E1,E1-1st time enrolled this year,3536,"Stanton, Shaunie ",3,8/17/2017,2212124,F,N,WH,3/12/2009,"Spencer, Tanisha "
E1,E1-1st time enrolled this year,3414,"Akhtar, Haleemah ",3,8/17/2017,2225824,F,H,WH,9/23/2008,"Spencer, Tanisha "
E1,E1-1st time enrolled this year,3416,"Lister, Zaynah ",3,8/17/2017,2225829,F,N,WH,12/11/2008,"Spencer, Tanisha "
E1,E1-1st time enrolled this year,3773,"Amin, Zeenat ",3,8/17/2017,2204787,F,H,WH,5/2/2009,"Spencer, Tanisha "
E1,E1-1st time enrolled this year,3422,"Porter, Kyla ",3,8/17/2017,2226135,F,H,WH,3/2/2009,"Spencer, Tanisha "
E1,E1-1st time enrolled this year,3427,"Hills, Faizaan ",3,8/17/2017,2226139,M,N,WH,7/25/2009,"Spencer, Tanisha "
E1,E1-1st time enrolled this year,3467,"Berry, Honor ",3,8/17/2017,2129773,F,H,WH,10/5/2008,"Spencer, Tanisha "
E1,E1-1st time enrolled this year,4102,"Ferreira, Brianna ",3,8/17/2017,2202716,F,N,WH,2/6/2009,"Spencer, Tanisha "
E1,E1-1st time enrolled this year,3470,"Sheridan, Aleeza ",3,8/17/2017,2225838,F,N,WH,5/29/2009,"Spencer, Tanisha "
E1,E1-1st time enrolled this year,3472,"Floyd, Umaiza ",3,8/17/2017,2225841,F,N,WH,12/6/2008,"Spencer, Tanisha "
E1,E1-1st time enrolled this year,4175,"Mclellan, Julius ",3,8/17/2017,2202419,M,N,WH,2/22/2009,"Spencer, Tanisha "
E1,E1-1st time enrolled this year,3478,"Barry, Marguerite ",3,8/17/2017,2225924,F,N,WH,4/24/2009,"Spencer, Tanisha "
E1,E1-1st time enrolled this year,3441,"Nelson, Dawn ",3,8/17/2017,2226150,F,N,BL,1/7/2009,"Spencer, Tanisha "
E1,E1-1st time enrolled this year,4021,"Benjamin, Hisham ",3,8/17/2017,2378623,M,N,WH,11/3/2008,"Spencer, Tanisha "
E1,E1-1st time enrolled this year,3921,"Velez, Conall ",3,8/17/2017,2203242,M,N,WH,11/9/2008,"Spencer, Tanisha "
E1,E1-1st time enrolled this year,3388,"Lindsay, Cathy ",3,8/17/2017,2220335,F,N,WH,7/21/2009,"Hess, Lacey-May "
E1,E1-1st time enrolled this year,3792,"Alvarado, Gillian ",3,8/17/2017,1931256,F,H,WH,5/27/2008,"Hess, Lacey-May "
E1,E1-1st time enrolled this year,3396,"Soto, Kiri ",3,8/17/2017,2220340,M,N,AS,7/24/2009,"Hess, Lacey-May "
E1,E1-1st time enrolled this year,4011,"Horn, Lea ",3,8/17/2017,2372475,M,H,WH,9/13/2009,"Hess, Lacey-May "
E1,E1-1st time enrolled this year,3984,"Newton, Miya ",3,8/17/2017,2292795,F,N,WH,10/25/2009,"Hess, Lacey-May "
E1,E1-1st time enrolled this year,3989,"Fuentes, Jaydn ",3,8/17/2017,2128747,M,N,WH,5/27/2009,"Hess, Lacey-May "
E1,E1-1st time enrolled this year,3403,"Frye, Alessandro ",3,8/17/2017,2220346,M,H,WH,3/7/2009,"Hess, Lacey-May "
E1,E1-1st time enrolled this year,3639,"Bradley, Hannah ",3,9/29/2017,2224378,F,N,WH,9/2/2009,"Hess, Lacey-May "
E1,E1-1st time enrolled this year,3459,"Taylor, Bronte ",3,8/17/2017,2226164,F,N,WH,4/1/2009,"Hess, Lacey-May "
E1,E1-1st time enrolled this year,3580,"Elliott, Seb ",3,8/17/2017,2130119,M,H,WH,10/4/2008,"Hess, Lacey-May "
E1,E1-1st time enrolled this year,3404,"Leigh, Lynn ",3,8/17/2017,2220347,F,N,WH,4/6/2009,"Hess, Lacey-May "
E1,E1-1st time enrolled this year,3760,"Southern, Ameena ",3,8/17/2017,2204780,F,H,WH,11/9/2008,"Hess, Lacey-May "
E1,E1-1st time enrolled this year,3960,"Cortez, Pierre ",3,8/17/2017,2207890,M,N,WH,11/16/2008,"Hess, Lacey-May "
E1,E1-1st time enrolled this year,3408,"Storey, Karina ",3,8/17/2017,2225819,F,N,WH,5/12/2009,"Hess, Lacey-May "
E1,E1-1st time enrolled this year,3409,"Chen, Charity ",3,8/17/2017,2225820,M,N,WH,12/9/2008,"Hess, Lacey-May "
E1,E1-1st time enrolled this year,3421,"Lyon, Codey ",3,8/17/2017,2225935,M,N,WH,11/24/2008,"Hess, Lacey-May "
E1,E1-1st time enrolled this year,3949,"Barajas, Justin ",3,8/17/2017,2246406,M,H,WH,6/23/2009,"Hess, Lacey-May "
E1,E1-1st time enrolled this year,3430,"Franks, Corinne ",3,8/17/2017,2226141,F,H,WH,4/21/2009,"Hess, Lacey-May "
E1,E1-1st time enrolled this year,3964,"Sinclair, Deanna ",3,8/17/2017,2202274,F,N,WH,6/24/2009,"Hess, Lacey-May "
E1,E1-1st time enrolled this year,4104,"Mercado, Sahib ",3,8/17/2017,2202717,M,N,WH,2/6/2009,"Hess, Lacey-May "
E1,E1-1st time enrolled this year,3433,"Corrigan, Hanan ",3,8/17/2017,2226143,M,N,WH,6/6/2009,"Hess, Lacey-May "
E1,E1-1st time enrolled this year,3471,"Perry, Lani ",3,8/17/2017,2056491,M,H,MU,5/13/2009,"Hess, Lacey-May "
E1,E1-1st time enrolled this year,4138,"Davie, Danielius ",3,8/17/2017,2292984,M,N,WH,6/25/2008,"Hess, Lacey-May "
E1,E1-1st time enrolled this year,3530,"Norman, Katerina ",3,8/17/2017,2225928,F,N,WH,3/13/2009,"Hess, Lacey-May "
E1,E1-1st time enrolled this year,3474,"West, Marwa ",3,8/17/2017,2225858,F,N,WH,1/7/2009,"Hess, Lacey-May "
E1,E1-1st time enrolled this year,3476,"Long, Brandan ",3,8/17/2017,2225922,M,H,WH,9/20/2008,"Hess, Lacey-May "
E1,E1-1st time enrolled this year,3444,"Macdonald, Leslie ",3,8/17/2017,2226152,M,H,MU,3/17/2009,"Justice, Hebe "
E1,E1-1st time enrolled this year,3391,"Trujillo, Ellenor ",3,8/17/2017,2220336,F,N,WH,8/12/2009,"Justice, Hebe "
E1,E1-1st time enrolled this year,3395,"Fitzpatrick, Kiran ",3,8/17/2017,2220339,M,N,WH,4/20/2009,"Justice, Hebe "
E1,E1-1st time enrolled this year,3447,"Higgs, Haniya ",3,8/17/2017,2226154,F,N,WH,4/11/2009,"Justice, Hebe "
E1,E1-1st time enrolled this year,4012,"Baldwin, Saad ",3,8/17/2017,2371214,M,N,BL,12/24/2007,"Justice, Hebe "
E1,E1-1st time enrolled this year,3449,"May, Jae ",3,8/17/2017,2226155,F,N,WH,3/12/2009,"Justice, Hebe "
E1,E1-1st time enrolled this year,3398,"Forrest, Magdalena ",3,8/17/2017,2220342,F,N,WH,3/30/2009,"Justice, Hebe "
E1,E1-1st time enrolled this year,3841,"Sharp, Borys ",3,8/17/2017,2074891,M,H,MU,5/28/2009,"Justice, Hebe "
E1,E1-1st time enrolled this year,3455,"Haley, Callen ",3,8/17/2017,2226161,M,N,WH,8/31/2009,"Justice, Hebe "
E1,E1-1st time enrolled this year,3775,"Ewing, Allegra ",3,8/17/2017,2202824,F,N,MU,12/28/2008,"Justice, Hebe "
E1,E1-1st time enrolled this year,4040,"Cortez, Annabel ",3,8/17/2017,2201592,F,N,MU,12/26/2008,"Justice, Hebe "
E1,E1-1st time enrolled this year,3407,"Moon, Annika ",3,8/17/2017,2225818,F,H,WH,8/5/2009,"Justice, Hebe "
E1,E1-1st time enrolled this year,3769,"Grainger, Drake ",3,8/17/2017,2208580,M,N,WH,10/1/2009,"Justice, Hebe "
E1,E1-1st time enrolled this year,3412,"Bullock, Ida ",3,8/17/2017,2225823,F,N,AS,4/12/2009,"Justice, Hebe "
E1,E1-1st time enrolled this year,3420,"Duffy, Lexi ",3,8/17/2017,2225934,F,N,WH,7/21/2009,"Justice, Hebe "
E1,E1-1st time enrolled this year,3425,"Metcalfe, Mark ",3,8/17/2017,2226137,M,H,WH,8/18/2009,"Justice, Hebe "
E1,E1-1st time enrolled this year,3429,"Maguire, Amy-Leigh ",3,8/17/2017,2226140,F,N,WH,11/24/2008,"Justice, Hebe "
E1,E1-1st time enrolled this year,3468,"Wolfe, Julia ",3,8/17/2017,2226168,M,N,WH,3/16/2009,"Justice, Hebe "
E1,E1-1st time enrolled this year,4160,"Davidson, Hasan ",3,8/17/2017,2129776,M,H,WH,12/14/2008,"Justice, Hebe "
E1,E1-1st time enrolled this year,3432,"Merritt, Chaim ",3,8/17/2017,2226142,M,H,WH,8/6/2009,"Justice, Hebe "
E1,E1-1st time enrolled this year,3887,"Berg, Charleigh ",3,8/17/2017,2202353,F,N,WH,5/25/2009,"Justice, Hebe "
E1,E1-1st time enrolled this year,3547,"Sharples, Benedict ",3,8/17/2017,2225830,M,N,WH,9/30/2008,"Justice, Hebe "
E1,E1-1st time enrolled this year,3572,"Mcknight, Massimo ",3,8/17/2017,2130369,M,N,WH,8/7/2009,"Justice, Hebe "
E1,E1-1st time enrolled this year,3477,"Lord, Esa ",3,8/17/2017,2225923,M,H,WH,11/11/2008,"Justice, Hebe "
E1,E1-1st time enrolled this year,4148,"Wagner, Katey ",3,8/17/2017,2220287,F,N,AS,7/24/2009,"Justice, Hebe "
E1,E1-1st time enrolled this year,4147,"Morgan, Eesha ",3,8/17/2017,2219028,F,H,WH,7/1/2009,"Justice, Hebe "
E1,E1-1st time enrolled this year,3985,"Henry, Lloyd ",4,8/17/2017,2342936,M,H,WH,9/27/2008,"Green, Kajol "
E1,E1-1st time enrolled this year,3250,"Sadler, Ivie ",4,8/17/2017,2131457,F,N,WH,2/20/2008,"Green, Kajol "
E1,E1-1st time enrolled this year,3230,"Hatfield, Luqman ",4,8/17/2017,2131450,M,N,WH,11/9/2007,"Green, Kajol "
E1,E1-1st time enrolled this year,3605,"Duran, Chance ",4,8/17/2017,2130317,F,N,WH,12/11/2007,"Green, Kajol "
E1,E1-1st time enrolled this year,3971,"Trejo, Antonina ",4,8/17/2017,2125773,F,N,WH,5/11/2008,"Green, Kajol "
E1,E1-1st time enrolled this year,3525,"Solomon, Corban ",4,8/17/2017,2054113,M,N,WH,2/5/2008,"Green, Kajol "
E1,E1-1st time enrolled this year,4060,"Bonner, Kaitlyn ",4,8/17/2017,2292936,F,N,WH,6/20/2008,"Green, Kajol "
E1,E1-1st time enrolled this year,2979,"Summers, Matas ",4,8/17/2017,1858909,M,H,WH,2/6/2007,"Green, Kajol "
E1,E1-1st time enrolled this year,3936,"Perez, Brady ",4,8/17/2017,2116060,F,N,WH,12/6/2007,"Green, Kajol "
E1,E1-1st time enrolled this year,3840,"Quintero, Celine ",4,8/17/2017,2062815,F,H,WH,1/4/2008,"Green, Kajol "
E1,E1-1st time enrolled this year,4170,"Mccray, Jayce ",4,8/17/2017,2239508,M,N,AS,3/16/2008,"Green, Kajol "
E1,E1-1st time enrolled this year,4038,"Olsen, Jameel ",4,8/17/2017,2125961,M,N,WH,8/26/2008,"Green, Kajol "
E1,E1-1st time enrolled this year,3362,"Guzman, Alyx ",4,8/17/2017,2053726,M,N,WH,5/16/2007,"Green, Kajol "
E1,E1-1st time enrolled this year,3296,"Ball, Petra ",4,8/17/2017,1853542,F,H,WH,9/28/2007,"Green, Kajol "
E1,E1-1st time enrolled this year,4165,"Mckee, Bogdan ",4,8/17/2017,2373095,M,H,WH,12/18/2007,"Green, Kajol "
E1,E1-1st time enrolled this year,3576,"Hewitt, Jaylan ",4,8/17/2017,2220601,F,H,WH,5/8/2008,"Green, Kajol "
E1,E1-1st time enrolled this year,3787,"Long, Elsie-May ",4,8/17/2017,2313240,F,N,WH,5/28/2008,"Green, Kajol "
E1,E1-1st time enrolled this year,3191,"Camacho, Anastazja ",4,8/17/2017,2131431,F,N,WH,3/20/2008,"Green, Kajol "
E1,E1-1st time enrolled this year,3329,"Sheridan, Kallum ",4,8/17/2017,2053270,M,H,WH,11/1/2007,"Green, Kajol "
E1,E1-1st time enrolled this year,3991,"Ray, Antony ",4,8/17/2017,2244482,M,H,WH,3/19/2008,"Green, Kajol "
E1,E1-1st time enrolled this year,3186,"Moreno, Ahsan ",4,8/17/2017,2131428,M,H,WH,12/16/2007,"Green, Kajol "
E1,E1-1st time enrolled this year,3734,"Vu, Tyson ",4,8/17/2017,2130141,M,H,WH,7/4/2008,"Green, Kajol "
E1,E1-1st time enrolled this year,3180,"Nash, Dillon ",4,8/17/2017,2131426,F,N,WH,1/13/2008,"Green, Kajol "
E1,E1-1st time enrolled this year,3162,"Greer, Nikita ",4,8/17/2017,1901418,M,H,WH,6/17/2008,"Green, Kajol "
E1,E1-1st time enrolled this year,3330,"Hughes, Forrest ",4,8/17/2017,2131477,M,H,WH,3/31/2008,"Green, Kajol "
E1,E1-1st time enrolled this year,3268,"Guest, Catriona ",4,8/17/2017,2131466,F,N,WH,4/9/2008,"Green, Kajol "
E1,E1-1st time enrolled this year,4045,"Hudson, Steffan ",4,8/17/2017,2143845,M,N,WH,5/26/2008,"Green, Kajol "
E1,E1-1st time enrolled this year,3714,"Olsen, Luciano ",4,8/17/2017,2294578,M,N,WH,5/8/2008,"Green, Kajol "
E1,E1-1st time enrolled this year,3252,"Welsh, Caelan ",4,8/17/2017,2131458,F,N,WH,7/16/2008,"Green, Kajol "
E1,E1-1st time enrolled this year,3938,"Amos, Jorja ",4,8/17/2017,2160685,F,N,WH,1/25/2008,"Morgan, Georga "
E1,E1-1st time enrolled this year,3269,"Jacobs, Clive ",4,8/17/2017,1858946,M,N,WH,7/21/2007,"Morgan, Georga "
E1,E1-1st time enrolled this year,4143,"Woolley, Dion ",4,8/17/2017,2435750,M,N,MU,8/22/2008,"Morgan, Georga "
E1,E1-1st time enrolled this year,3290,"Stark, Zayan ",4,8/17/2017,2127055,M,N,WH,1/31/2008,"Morgan, Georga "
E1,E1-1st time enrolled this year,3592,"Tierney, Melvin ",4,8/17/2017,2213913,M,N,WH,5/15/2008,"Morgan, Georga "
E1,E1-1st time enrolled this year,3209,"Kendall, Judah ",4,8/17/2017,2131441,M,H,WH,2/23/2008,"Morgan, Georga "
E1,E1-1st time enrolled this year,3181,"Casey, Idris ",4,8/17/2017,2131427,M,H,WH,10/14/2007,"Morgan, Georga "
E1,E1-1st time enrolled this year,3959,"Castro, Taryn ",4,8/17/2017,2053644,F,H,WH,9/18/2007,"Morgan, Georga "
E1,E1-1st time enrolled this year,3299,"Cassidy, Amrit ",4,8/17/2017,2131472,F,N,WH,7/9/2008,"Morgan, Georga "
E1,E1-1st time enrolled this year,3349,"Golden, Sidney ",4,8/17/2017,2131482,F,N,WH,7/20/2008,"Morgan, Georga "
E1,E1-1st time enrolled this year,3753,"Olson, Joe ",4,8/17/2017,2128757,M,N,WH,1/27/2008,"Morgan, Georga "
E1,E1-1st time enrolled this year,4035,"Lugo, Chance ",4,8/17/2017,2384760,M,N,WH,2/15/2008,"Morgan, Georga "
E1,E1-1st time enrolled this year,3578,"Gillespie, Shelbie ",4,8/17/2017,1985123,F,N,WH,3/2/2008,"Morgan, Georga "
E1,E1-1st time enrolled this year,3772,"Massey, Dean ",4,8/17/2017,2294598,M,H,WH,7/6/2008,"Morgan, Georga "
E1,E1-1st time enrolled this year,3255,"Chadwick, Evan ",4,8/17/2017,2131459,F,H,WH,3/25/2008,"Morgan, Georga "
E1,E1-1st time enrolled this year,3980,"Atherton, Fariha ",4,8/17/2017,2052039,F,N,WH,4/14/2008,"Morgan, Georga "
E1,E1-1st time enrolled this year,3555,"Bowman, Jermaine ",4,8/17/2017,2056469,M,H,WH,8/7/2008,"Morgan, Georga "
E1,E1-1st time enrolled this year,3169,"Burgess, Guto ",4,8/17/2017,2131419,M,N,WH,11/7/2007,"Morgan, Georga "
E1,E1-1st time enrolled this year,3280,"Oneil, Charley ",4,8/17/2017,1991906,F,N,PI,7/4/2008,"Morgan, Georga "
E1,E1-1st time enrolled this year,3966,"Rowe, Eve ",4,8/17/2017,2342299,F,N,PI,9/23/2008,"Morgan, Georga "
E1,E1-1st time enrolled this year,3177,"Reeve, Mujtaba ",4,8/17/2017,2131424,M,N,WH,10/19/2007,"Morgan, Georga "
E1,E1-1st time enrolled this year,3941,"Cuevas, Scarlett-Rose ",4,8/17/2017,2143832,F,H,WH,12/17/2007,"Morgan, Georga "
E1,E1-1st time enrolled this year,3581,"Power, Finn ",4,8/17/2017,2226179,F,H,WH,2/24/2009,"Morgan, Georga "
E1,E1-1st time enrolled this year,3227,"Hudson, Margot ",4,8/17/2017,2131449,F,N,WH,11/7/2007,"Morgan, Georga "
E1,E1-1st time enrolled this year,3782,"Ireland, Josephine ",4,8/17/2017,2053693,F,H,WH,6/1/2007,"Morgan, Georga "
E1,E1-1st time enrolled this year,3909,"Whyte, Tallulah ",4,8/17/2017,2312422,F,N,WH,11/15/2007,"Morgan, Georga "
E1,E1-1st time enrolled this year,4027,"Montgomery, Rodrigo ",4,8/17/2017,1900749,M,N,WH,1/15/2008,"Morgan, Georga "
E1,E1-1st time enrolled this year,3173,"Benson, Kylo ",4,8/17/2017,2131422,M,N,WH,9/19/2007,"Morgan, Georga "
E1,E1-1st time enrolled this year,3369,"Palacios, Neel ",4,8/17/2017,2130157,M,H,IN,9/11/2007,"Morgan, Georga "
E1,E1-1st time enrolled this year,3948,"Lin, Neo ",4,8/17/2017,2276930,F,N,BL,1/24/2008,"Battle, Aqsa "
E1,E1-1st time enrolled this year,3926,"Sweet, Hana ",4,8/17/2017,2125716,F,N,WH,10/11/2007,"Battle, Aqsa "
E1,E1-1st time enrolled this year,3217,"Lacey, Theo ",4,8/17/2017,2131445,M,N,WH,4/7/2008,"Battle, Aqsa "
E1,E1-1st time enrolled this year,3807,"Howells, Akram ",4,8/17/2017,2333053,M,N,WH,1/16/2008,"Battle, Aqsa "
E1,E1-1st time enrolled this year,3293,"Forbes, Hector ",4,8/17/2017,2131471,M,N,WH,2/29/2008,"Battle, Aqsa "
E1,E1-1st time enrolled this year,3943,"Lindsay, Clayton ",4,8/17/2017,2320804,M,H,WH,3/2/2008,"Battle, Aqsa "
E1,E1-1st time enrolled this year,3862,"Perez, Joni ",4,8/17/2017,2200884,M,H,WH,4/23/2008,"Battle, Aqsa "
E1,E1-1st time enrolled this year,4180,"Cannon, Kiri ",4,9/25/2017,2434898,F,N,BL,1/16/2007,"Battle, Aqsa "
E1,E1-1st time enrolled this year,3094,"Parks, Chantal ",4,8/17/2017,1897387,F,N,WH,7/9/2007,"Battle, Aqsa "
E1,E1-1st time enrolled this year,3165,"Duffy, Dennis ",4,8/17/2017,2131418,M,N,WH,8/24/2007,"Battle, Aqsa "
E1,E1-1st time enrolled this year,3638,"Bouvet, Rees ",4,8/17/2017,2294538,M,N,WH,1/23/2008,"Battle, Aqsa "
E1,E1-1st time enrolled this year,3263,"Woodley, Esme ",4,8/17/2017,2052215,M,N,WH,10/19/2007,"Battle, Aqsa "
E1,E1-1st time enrolled this year,3644,"England, Liberty ",4,8/17/2017,1900693,M,H,WH,5/31/2008,"Battle, Aqsa "
E1,E1-1st time enrolled this year,3237,"Parkes, Jai ",4,8/17/2017,2131454,F,N,WH,4/10/2008,"Battle, Aqsa "
E1,E1-1st time enrolled this year,3253,"Bullock, Avi ",4,8/17/2017,2062827,M,H,WH,1/29/2008,"Battle, Aqsa "
E1,E1-1st time enrolled this year,3199,"Gale, Aden ",4,8/17/2017,2131434,M,H,WH,8/10/2008,"Battle, Aqsa "
E1,E1-1st time enrolled this year,3239,"Singh, Jaydon ",4,8/17/2017,2052252,M,N,WH,5/6/2008,"Battle, Aqsa "
E1,E1-1st time enrolled this year,4023,"Yu, Mildred ",4,8/17/2017,2296486,F,N,WH,10/13/2007,"Battle, Aqsa "
E1,E1-1st time enrolled this year,3965,"Wallis, Ami ",4,8/17/2017,2122348,F,N,WH,4/11/2008,"Battle, Aqsa "
E1,E1-1st time enrolled this year,4101,"Campbell, Miley ",4,8/17/2017,1853560,M,N,WH,9/14/2007,"Battle, Aqsa "
E1,E1-1st time enrolled this year,3733,"Devlin, Kavita ",4,8/17/2017,1859087,F,H,WH,9/24/2007,"Battle, Aqsa "
E1,E1-1st time enrolled this year,3176,"Bull, Milana ",4,8/17/2017,2131423,F,N,WH,10/10/2007,"Battle, Aqsa "
E1,E1-1st time enrolled this year,3210,"Howells, Arsalan ",4,8/17/2017,2131442,M,N,WH,1/13/2008,"Battle, Aqsa "
E1,E1-1st time enrolled this year,3796,"Ibarra, Kaan ",4,8/17/2017,2056400,M,H,WH,12/29/2007,"Battle, Aqsa "
E1,E1-1st time enrolled this year,3743,"Bowman, Maude ",4,8/17/2017,2294588,F,N,WH,5/15/2008,"Battle, Aqsa "
E1,E1-1st time enrolled this year,3201,"Mcneill, Wallace ",4,8/17/2017,2131435,M,N,AS,9/5/2007,"Battle, Aqsa "
E1,E1-1st time enrolled this year,3265,"Price, Fay ",4,8/17/2017,2131463,F,N,BL,5/15/2008,"Battle, Aqsa "
E1,E1-1st time enrolled this year,3699,"Martins, Helen ",4,8/17/2017,2128815,F,H,WH,10/2/2007,"Battle, Aqsa "
E1,E1-1st time enrolled this year,3206,"Erickson, Darcie ",4,8/17/2017,2131439,F,N,WH,11/17/2007,"Battle, Aqsa "
E1,E1-1st time enrolled this year,3221,"Burks, Arif ",4,8/17/2017,2131446,M,N,WH,3/26/2008,"Battle, Aqsa "
E1,E1-1st time enrolled this year,3583,"Bennett, Kenzie ",5,8/17/2017,2050416,F,N,WH,4/6/2007,"Stevens, Georgie "
E1,E1-1st time enrolled this year,2967,"Davey, Tatiana ",5,8/17/2017,2068274,M,N,WH,4/5/2007,"Stevens, Georgie "
E1,E1-1st time enrolled this year,3892,"Hartley, Emmie ",5,8/17/2017,2050420,F,N,WH,6/15/2007,"Stevens, Georgie "
E1,E1-1st time enrolled this year,2970,"Herring, Huey ",5,8/17/2017,2068275,M,N,WH,1/3/2007,"Stevens, Georgie "
E1,E1-1st time enrolled this year,2973,"Moon, Valentino ",5,8/17/2017,1974051,M,N,AS,11/2/2006,"Stevens, Georgie "
E1,E1-1st time enrolled this year,4169,"Beattie, Buddy ",5,8/17/2017,1893255,M,N,WH,8/24/2006,"Stevens, Georgie "
E1,E1-1st time enrolled this year,4168,"Butt, Emmanuel ",5,8/17/2017,1893256,M,N,WH,8/24/2006,"Stevens, Georgie "
E1,E1-1st time enrolled this year,3031,"Wilcox, Karina ",5,8/17/2017,2068307,F,N,WH,12/28/2006,"Stevens, Georgie "
E1,E1-1st time enrolled this year,2988,"Simmons, Kason ",5,8/17/2017,2068286,M,N,WH,9/9/2006,"Stevens, Georgie "
E1,E1-1st time enrolled this year,3997,"Davila, Clarissa ",5,8/17/2017,2061142,F,N,WH,5/30/2006,"Stevens, Georgie "
E1,E1-1st time enrolled this year,3095,"Senior, Oran ",5,8/17/2017,2068327,M,H,WH,4/18/2007,"Stevens, Georgie "
E1,E1-1st time enrolled this year,3788,"Muir, Amani ",5,8/17/2017,2313239,F,N,WH,10/31/2006,"Stevens, Georgie "
E1,E1-1st time enrolled this year,3978,"Pace, Kanye ",5,8/17/2017,1975805,M,H,WH,2/10/2007,"Stevens, Georgie "
E1,E1-1st time enrolled this year,3573,"Buck, Willis ",5,8/17/2017,2049467,M,N,WH,4/9/2007,"Stevens, Georgie "
E1,E1-1st time enrolled this year,3011,"Holden, Wiktoria ",5,8/17/2017,2068295,F,N,WH,6/19/2007,"Stevens, Georgie "
E1,E1-1st time enrolled this year,3312,"English, Eoghan ",5,8/17/2017,1860175,M,N,WH,7/6/2006,"Stevens, Georgie "
E1,E1-1st time enrolled this year,3065,"Melendez, Zak ",5,8/17/2017,2068323,M,H,WH,9/13/2006,"Stevens, Georgie "
E1,E1-1st time enrolled this year,3364,"Beach, Kaylie ",5,8/17/2017,2062885,F,N,WH,9/14/2006,"Stevens, Georgie "
E1,E1-1st time enrolled this year,3736,"Begum, Musa ",5,8/17/2017,2294585,M,H,WH,7/11/2007,"Stevens, Georgie "
E1,E1-1st time enrolled this year,3015,"Stewart, Mahir ",5,8/17/2017,2068299,M,N,WH,8/10/2006,"Stevens, Georgie "
E1,E1-1st time enrolled this year,4141,"Clements, Declan ",5,8/17/2017,2060705,M,N,WH,11/4/2006,"Stevens, Georgie "
E1,E1-1st time enrolled this year,3600,"Mcgregor, Zahra ",5,8/17/2017,2054479,F,N,WH,10/20/2006,"Stevens, Georgie "
E1,E1-1st time enrolled this year,3153,"Porter, Izabel ",5,8/17/2017,1852989,F,H,WH,6/30/2007,"Stevens, Georgie "
E1,E1-1st time enrolled this year,3876,"Ellis, Tamika ",5,8/17/2017,1862142,F,H,WH,9/13/2006,"Stevens, Georgie "
E1,E1-1st time enrolled this year,3352,"Parra, Chelsey ",5,8/17/2017,2068717,F,N,WH,11/13/2006,"Stevens, Georgie "
E1,E1-1st time enrolled this year,3185,"Sampson, Maddison ",5,8/17/2017,1998186,M,H,WH,7/8/2007,"Stevens, Georgie "
E1,E1-1st time enrolled this year,3026,"Stephens, Finnlay ",5,8/17/2017,1974135,F,H,WH,8/13/2007,"Stevens, Georgie "
E1,E1-1st time enrolled this year,3377,"Clay, Kristofer ",5,8/17/2017,2118001,M,H,WH,6/14/2007,"Stevens, Georgie "
E1,E1-1st time enrolled this year,3059,"O'Sullivan, Awais ",5,8/17/2017,2068321,M,N,WH,9/6/2006,"Magana, Kendal "
E1,E1-1st time enrolled this year,2959,"Hibbert, Cheyanne ",5,8/17/2017,2068270,F,N,WH,8/20/2007,"Magana, Kendal "
E1,E1-1st time enrolled this year,2962,"East, Lynden ",5,8/17/2017,2068272,M,H,WH,11/6/2006,"Magana, Kendal "
E1,E1-1st time enrolled this year,3200,"Hines, Tamar ",5,8/17/2017,2051078,M,N,WH,10/12/2006,"Magana, Kendal "
E1,E1-1st time enrolled this year,3484,"Hayes, Jose ",5,8/17/2017,2053798,M,N,WH,1/5/2007,"Magana, Kendal "
E1,E1-1st time enrolled this year,4130,"Daniels, Taslima ",5,8/17/2017,2053626,F,H,IN,6/2/2007,"Magana, Kendal "
E1,E1-1st time enrolled this year,2972,"Horn, Anabella ",5,8/17/2017,2068277,F,H,WH,2/6/2007,"Magana, Kendal "
E1,E1-1st time enrolled this year,3171,"Jones, Chace ",5,8/17/2017,2061033,M,N,WH,7/2/2007,"Magana, Kendal "
E1,E1-1st time enrolled this year,3630,"Oconnor, Leo ",5,8/17/2017,2229773,M,N,WH,1/28/2007,"Magana, Kendal "
E1,E1-1st time enrolled this year,3492,"Reed, Marisa ",5,8/17/2017,1857328,F,N,WH,2/22/2007,"Magana, Kendal "
E1,E1-1st time enrolled this year,3976,"Orozco, Austen ",5,8/17/2017,2062394,M,H,WH,8/12/2007,"Magana, Kendal "
E1,E1-1st time enrolled this year,3764,"Ayala, Marcia ",5,8/17/2017,1928911,F,H,WH,1/19/2007,"Magana, Kendal "
E1,E1-1st time enrolled this year,3002,"Massey, Malcolm ",5,8/17/2017,2068339,M,H,WH,4/6/2007,"Magana, Kendal "
E1,E1-1st time enrolled this year,3004,"Barr, Alicja ",5,8/17/2017,2068341,F,N,WH,1/30/2007,"Magana, Kendal "
E1,E1-1st time enrolled this year,3010,"Buck, Jaydan ",5,8/17/2017,2068294,F,N,WH,9/12/2006,"Magana, Kendal "
E1,E1-1st time enrolled this year,3531,"Currie, Nevaeh ",5,8/17/2017,2052243,M,N,WH,12/18/2006,"Magana, Kendal "
E1,E1-1st time enrolled this year,3353,"Emery, Mai ",5,8/17/2017,2131483,F,N,WH,9/14/2006,"Magana, Kendal "
E1,E1-1st time enrolled this year,3119,"Redmond, Wayne ",5,8/17/2017,1851856,M,N,WH,8/6/2007,"Magana, Kendal "
E1,E1-1st time enrolled this year,3872,"Golden, Sarah-Louise ",5,8/17/2017,2143797,F,N,WH,6/1/2007,"Magana, Kendal "
E1,E1-1st time enrolled this year,3023,"Hogg, Summer-Rose ",5,8/17/2017,2068303,F,N,WH,5/10/2007,"Magana, Kendal "
E1,E1-1st time enrolled this year,4003,"Ayers, Lili ",5,8/17/2017,2362687,F,H,WH,7/14/2007,"Magana, Kendal "
E1,E1-1st time enrolled this year,3027,"Dodd, Boyd ",5,8/17/2017,2068306,M,N,WH,10/29/2006,"Magana, Kendal "
E1,E1-1st time enrolled this year,3097,"Valdez, Connar ",5,8/17/2017,2051107,M,N,WH,8/29/2007,"Magana, Kendal "
E1,E1-1st time enrolled this year,3897,"Brandt, Sharmin ",5,8/17/2017,2148238,F,H,WH,11/10/2007,"Magana, Kendal "
E1,E1-1st time enrolled this year,3564,"Cote, Tamsin ",5,8/17/2017,1976069,F,N,WH,5/29/2007,"Magana, Kendal "
E1,E1-1st time enrolled this year,3896,"Albert, Kayson ",5,8/17/2017,1970711,M,H,WH,8/17/2007,"Magana, Kendal "
E1,E1-1st time enrolled this year,3309,"Webster, Duncan ",5,8/17/2017,2052283,M,N,WH,7/7/2007,"Magana, Kendal "
E1,E1-1st time enrolled this year,3052,"Walter, Cally ",5,8/17/2017,1975863,M,N,BL,4/2/2007,"Magana, Kendal "
E1,E1-1st time enrolled this year,3809,"Kline, Cameron ",5,8/17/2017,2160686,M,N,WH,8/4/2007,"Sweet, Nathanial "
E1,E1-1st time enrolled this year,2974,"Wainwright, Primrose ",5,8/17/2017,2068278,F,N,WH,7/6/2007,"Sweet, Nathanial "
E1,E1-1st time enrolled this year,3385,"Chester, Haroon ",5,8/17/2017,1976210,M,N,WH,1/5/2007,"Sweet, Nathanial "
E1,E1-1st time enrolled this year,2981,"Mccarty, Abubakar ",5,8/17/2017,2068281,M,N,WH,10/4/2006,"Sweet, Nathanial "
E1,E1-1st time enrolled this year,3957,"Griffith, Mamie ",5,8/17/2017,2339065,F,N,WH,9/26/2007,"Sweet, Nathanial "
E1,E1-1st time enrolled this year,3335,"Sutherland, Ajwa ",5,8/17/2017,2053821,F,N,WH,2/11/2007,"Sweet, Nathanial "
E1,E1-1st time enrolled this year,3847,"Lutz, Jed ",5,8/17/2017,2200443,M,N,BL,7/11/2007,"Sweet, Nathanial "
E1,E1-1st time enrolled this year,3766,"Valencia, Mira ",5,8/17/2017,1973795,F,N,WH,3/2/2006,"Sweet, Nathanial "
E1,E1-1st time enrolled this year,3365,"Hutton, Emir ",5,8/17/2017,2053645,M,H,WH,6/8/2007,"Sweet, Nathanial "
E1,E1-1st time enrolled this year,4167,"Hodges, Habib ",5,8/17/2017,2055594,M,H,WH,7/27/2007,"Sweet, Nathanial "
E1,E1-1st time enrolled this year,3225,"Rangel, Vladimir ",5,8/17/2017,2045546,M,N,WH,7/8/2007,"Sweet, Nathanial "
E1,E1-1st time enrolled this year,3137,"Wong, Addison ",5,8/17/2017,2068334,M,N,WH,2/15/2007,"Sweet, Nathanial "
E1,E1-1st time enrolled this year,3009,"Pemberton, Sophia ",5,8/17/2017,1972607,F,N,WH,3/20/2007,"Sweet, Nathanial "
E1,E1-1st time enrolled this year,3406,"Davison, Sufyaan ",5,8/17/2017,2052230,M,N,WH,3/29/2007,"Sweet, Nathanial "
E1,E1-1st time enrolled this year,3012,"Marsh, Elena ",5,8/17/2017,2068296,M,H,WH,7/17/2007,"Sweet, Nathanial "
E1,E1-1st time enrolled this year,3014,"Farley, Elliot ",5,8/17/2017,2068298,F,N,WH,6/25/2007,"Sweet, Nathanial "
E1,E1-1st time enrolled this year,3507,"Hunt, John-Paul ",5,8/17/2017,2053287,M,H,WH,1/23/2007,"Sweet, Nathanial "
E1,E1-1st time enrolled this year,3532,"Adamson, Kayla ",5,8/17/2017,2062334,F,N,WH,10/13/2006,"Sweet, Nathanial "
E1,E1-1st time enrolled this year,3356,"Hernandez, Abdur-Rahman ",5,8/17/2017,1846182,M,N,PI,9/24/2006,"Sweet, Nathanial "
E1,E1-1st time enrolled this year,4174,"O'Quinn, Stanley ",5,8/17/2017,1783825,M,H,BL,1/9/2007,"Sweet, Nathanial "
E1,E1-1st time enrolled this year,3034,"Ortega, Esha ",5,8/17/2017,2068309,F,N,WH,10/16/2006,"Sweet, Nathanial "
E1,E1-1st time enrolled this year,3037,"Corrigan, Ilayda ",5,8/17/2017,1937694,F,N,WH,5/29/2007,"Sweet, Nathanial "
E1,E1-1st time enrolled this year,3039,"Cardenas, Joy ",5,8/17/2017,2068313,F,N,WH,2/28/2007,"Sweet, Nathanial "
E1,E1-1st time enrolled this year,3045,"Solomon, Mohammed ",5,8/17/2017,1990618,M,N,WH,4/24/2007,"Sweet, Nathanial "
E1,E1-1st time enrolled this year,3587,"Garrett, Jeffrey ",5,8/17/2017,2050461,M,N,WH,3/27/2007,"Sweet, Nathanial "
E1,E1-1st time enrolled this year,3053,"Edge, Preston ",5,8/17/2017,2068317,M,N,WH,8/13/2007,"Sweet, Nathanial "
E1,E1-1st time enrolled this year,3058,"Hinton, Emile ",5,8/17/2017,2068320,M,H,WH,8/30/2007,"Sweet, Nathanial "
E1,E1-1st time enrolled this year,2745,"Doyle, Maya ",6,8/17/2017,1982324,F,N,WH,7/27/2006,"Calderon, Osman "
E1,E1-1st time enrolled this year,2758,"Stanton, Merryn ",6,8/17/2017,1982328,F,N,WH,6/30/2006,"Calderon, Osman "
E1,E1-1st time enrolled this year,3956,"O'Doherty, Ignacy ",6,9/6/2017,2339066,M,N,WH,9/20/2005,"Calderon, Osman "
E1,E1-1st time enrolled this year,3986,"Jefferson, Raya ",6,8/17/2017,1991077,F,N,BL,6/20/2006,"Calderon, Osman "
E1,E1-1st time enrolled this year,3835,"Roberson, Aanya ",6,8/17/2017,1982333,F,H,WH,2/8/2006,"Calderon, Osman "
E1,E1-1st time enrolled this year,2775,"Leblanc, Shane ",6,8/17/2017,1982339,F,N,WH,12/6/2005,"Calderon, Osman "
E1,E1-1st time enrolled this year,3635,"Witt, Kristi ",6,8/17/2017,2294536,F,H,WH,9/25/2006,"Calderon, Osman "
E1,E1-1st time enrolled this year,3220,"Frank, Vivaan ",6,9/29/2017,1970326,M,N,WH,2/5/2006,"Calderon, Osman "
E1,E1-1st time enrolled this year,2810,"Ellison, Aya ",6,8/17/2017,1982358,F,N,WH,12/16/2005,"Calderon, Osman "
E1,E1-1st time enrolled this year,3962,"Cash, Ariyan ",6,8/17/2017,2342298,M,H,WH,6/10/2006,"Calderon, Osman "
E1,E1-1st time enrolled this year,2824,"Woodcock, Marianne ",6,8/17/2017,1982364,F,N,WH,4/20/2006,"Calderon, Osman "
E1,E1-1st time enrolled this year,2834,"Hubbard, Faizaan ",6,8/17/2017,1982371,M,H,WH,12/4/2005,"Calderon, Osman "
E1,E1-1st time enrolled this year,3719,"Tierney, Habiba ",6,8/17/2017,1975832,F,N,WH,11/17/2005,"Calderon, Osman "
E1,E1-1st time enrolled this year,3730,"Crossley, Lucien ",6,8/17/2017,1992219,M,H,WH,4/23/2006,"Calderon, Osman "
E1,E1-1st time enrolled this year,3746,"Reyes, Anisa ",6,8/17/2017,1971735,F,N,WH,6/30/2006,"Calderon, Osman "
E1,E1-1st time enrolled this year,3511,"Summers, Rida ",6,8/17/2017,1975231,F,H,MU,5/2/2006,"Calderon, Osman "
E1,E1-1st time enrolled this year,3901,"Moran, Addison ",6,8/17/2017,1935313,F,N,WH,2/20/2006,"Calderon, Osman "
E1,E1-1st time enrolled this year,3149,"Cherry, Sion ",6,8/17/2017,1992452,F,H,WH,4/30/2006,"Calderon, Osman "
E1,E1-1st time enrolled this year,3129,"Gentry, Miruna ",6,8/17/2017,1905799,F,N,WH,5/28/2005,"Calderon, Osman "
E1,E1-1st time enrolled this year,2863,"Hume, Yusha ",6,8/17/2017,1982386,M,N,WH,4/11/2006,"Calderon, Osman "
E1,E1-1st time enrolled this year,3700,"Bernard, Jayden-James ",6,8/17/2017,2294568,M,H,WH,9/30/2005,"Calderon, Osman "
E1,E1-1st time enrolled this year,2868,"Spence, Cosmo ",6,8/17/2017,1784262,M,H,WH,10/5/2005,"Calderon, Osman "
E1,E1-1st time enrolled this year,3715,"Burke, Saqib ",6,8/17/2017,2294579,M,N,WH,7/24/2005,"Calderon, Osman "
E1,E1-1st time enrolled this year,2878,"Dunn, Salim ",6,8/17/2017,1982392,M,H,WH,5/30/2006,"Calderon, Osman "
E1,E1-1st time enrolled this year,2742,"Kaye, Nazim ",6,8/17/2017,1982322,M,N,WH,8/6/2005,"Odonnell, Juno "
E1,E1-1st time enrolled this year,3727,"Lara, Ollie ",6,8/17/2017,2294583,F,N,AS,9/15/2006,"Odonnell, Juno "
E1,E1-1st time enrolled this year,2752,"Rennie, Danial ",6,8/17/2017,1982325,M,H,WH,7/21/2006,"Odonnell, Juno "
E1,E1-1st time enrolled this year,3316,"North, Ciaran ",6,8/17/2017,1997098,F,N,WH,11/29/2005,"Odonnell, Juno "
E1,E1-1st time enrolled this year,3489,"Dillon, Isabel ",6,8/17/2017,1976206,F,N,WH,8/1/2006,"Odonnell, Juno "
E1,E1-1st time enrolled this year,4057,"Lord, Kaydon ",6,8/17/2017,2292937,M,N,WH,7/10/2006,"Odonnell, Juno "
E1,E1-1st time enrolled this year,2770,"Lister, Hassan ",6,8/17/2017,1982335,M,N,WH,6/1/2006,"Odonnell, Juno "
E1,E1-1st time enrolled this year,3496,"Woodward, Cecily ",6,10/2/2017,1858704,F,N,WH,11/15/2005,"Odonnell, Juno "
E1,E1-1st time enrolled this year,4037,"Turner, Lilli ",6,8/17/2017,1970318,F,N,WH,6/9/2006,"Odonnell, Juno "
E1,E1-1st time enrolled this year,2776,"Rhodes, Adem ",6,8/17/2017,1982340,M,N,WH,8/8/2005,"Odonnell, Juno "
E1,E1-1st time enrolled this year,3744,"Juarez, Saffa ",6,8/17/2017,2116951,F,H,WH,12/6/2004,"Odonnell, Juno "
E1,E1-1st time enrolled this year,4032,"Phan, Devan ",6,8/17/2017,2377262,F,N,WH,5/21/2006,"Odonnell, Juno "
E1,E1-1st time enrolled this year,4132,"Edmonds, Saqlain ",6,8/17/2017,1901557,M,N,WH,3/2/2006,"Odonnell, Juno "
E1,E1-1st time enrolled this year,3854,"Draper, Sanna ",6,8/17/2017,1991780,F,N,WH,4/5/2006,"Odonnell, Juno "
E1,E1-1st time enrolled this year,3557,"Holding, Shani ",6,8/17/2017,1906153,F,H,WH,10/3/2005,"Odonnell, Juno "
E1,E1-1st time enrolled this year,3331,"Buckley, Krista ",6,8/17/2017,1991059,F,N,WH,7/5/2006,"Odonnell, Juno "
E1,E1-1st time enrolled this year,4026,"Stuart, Reece ",6,8/17/2017,1929503,F,H,WH,1/23/2006,"Odonnell, Juno "
E1,E1-1st time enrolled this year,2830,"Carter, Kya ",6,8/17/2017,1982368,F,N,WH,11/28/2005,"Odonnell, Juno "
E1,E1-1st time enrolled this year,3604,"Calderon, Kia ",6,8/28/2017,1993278,M,H,WH,8/21/2006,"Odonnell, Juno "
E1,E1-1st time enrolled this year,3348,"Dodd, Eilish ",6,8/17/2017,1892184,F,H,WH,4/20/2006,"Odonnell, Juno "
E1,E1-1st time enrolled this year,3325,"Hull, Elliot ",6,8/17/2017,1843246,M,N,WH,9/8/2005,"Odonnell, Juno "
E1,E1-1st time enrolled this year,2855,"Lucero, Laurie ",6,8/17/2017,1982380,M,N,WH,3/13/2006,"Odonnell, Juno "
E1,E1-1st time enrolled this year,3570,"Johns, Torin ",6,8/17/2017,1970380,F,N,WH,9/27/2005,"Odonnell, Juno "
E1,E1-1st time enrolled this year,3515,"Contreras, Stewart ",6,8/17/2017,1976008,M,N,WH,1/3/2006,"Odonnell, Juno "
E1,E1-1st time enrolled this year,2874,"Quintana, Lily-Rose ",6,8/17/2017,1982391,F,N,WH,4/28/2006,"Odonnell, Juno "
E1,E1-1st time enrolled this year,4007,"Cox, Mahad ",6,8/17/2017,1991852,M,H,WH,11/10/2005,"Odonnell, Juno "
E1,E1-1st time enrolled this year,3337,"Turnbull, Willa ",6,8/17/2017,2131479,F,H,WH,2/13/2006,"Rodriquez, Bryony "
E1,E1-1st time enrolled this year,3205,"Holmes, Zacharias ",6,8/17/2017,1990726,M,N,WH,11/11/2005,"Rodriquez, Bryony "
E1,E1-1st time enrolled this year,2934,"Gallagher, Saul ",6,8/17/2017,1982408,M,H,WH,11/14/2005,"Rodriquez, Bryony "
E1,E1-1st time enrolled this year,4182,"Pearce, Ibrahim ",6,9/29/2017,2053799,M,N,WH,5/27/2005,"Rodriquez, Bryony "
E1,E1-1st time enrolled this year,3732,"Pena, Izabella ",6,8/17/2017,2294584,F,N,WH,6/7/2006,"Rodriquez, Bryony "
E1,E1-1st time enrolled this year,2763,"Jackson, Fynn ",6,8/17/2017,1853431,M,N,WH,12/16/2005,"Rodriquez, Bryony "
E1,E1-1st time enrolled this year,2980,"Wheatley, Rosie ",6,8/17/2017,1990951,F,N,WH,3/1/2006,"Rodriquez, Bryony "
E1,E1-1st time enrolled this year,3560,"Russo, Meerab ",6,8/17/2017,1894659,F,H,WH,1/29/2006,"Rodriquez, Bryony "
E1,E1-1st time enrolled this year,2785,"Mccormick, Alvin ",6,8/17/2017,1982344,M,N,WH,8/25/2006,"Rodriquez, Bryony "
E1,E1-1st time enrolled this year,3000,"Villegas, Mikael ",6,8/17/2017,1846024,M,N,WH,8/8/2006,"Rodriquez, Bryony "
E1,E1-1st time enrolled this year,3754,"Beaumont, Kamron ",6,8/17/2017,1974085,M,N,WH,10/1/2005,"Rodriquez, Bryony "
E1,E1-1st time enrolled this year,3694,"Sheppard, Wade ",6,8/17/2017,1894660,F,H,WH,8/15/2006,"Rodriquez, Bryony "
E1,E1-1st time enrolled this year,3081,"Prince, Jayden-Lee ",6,8/17/2017,1930402,M,N,WH,8/17/2005,"Rodriquez, Bryony "
E1,E1-1st time enrolled this year,3571,"Brooks, Caio ",6,8/17/2017,2073595,M,N,WH,11/4/2005,"Rodriquez, Bryony "
E1,E1-1st time enrolled this year,3327,"Calvert, Nansi ",6,8/17/2017,1894604,F,H,WH,8/25/2006,"Rodriquez, Bryony "
E1,E1-1st time enrolled this year,2881,"Lawson, Inaaya ",6,8/17/2017,1970061,F,N,WH,9/6/2005,"Rodriquez, Bryony "
E1,E1-1st time enrolled this year,2835,"Beech, Marcos ",6,8/17/2017,1982372,M,H,WH,12/4/2005,"Rodriquez, Bryony "
E1,E1-1st time enrolled this year,2929,"Casey, Ayaan ",6,8/17/2017,1973513,F,N,WH,2/7/2006,"Rodriquez, Bryony "
E1,E1-1st time enrolled this year,2849,"Larsen, Sakina ",6,8/17/2017,1982376,F,N,WH,12/20/2005,"Rodriquez, Bryony "
E1,E1-1st time enrolled this year,4010,"Perkins, Lilah ",6,8/17/2017,1974733,F,H,WH,11/25/2005,"Rodriquez, Bryony "
E1,E1-1st time enrolled this year,3794,"Garrison, Destiny ",6,8/17/2017,2148237,F,H,WH,6/30/2006,"Rodriquez, Bryony "
E1,E1-1st time enrolled this year,3079,"Gamble, Lacy ",6,8/17/2017,1974154,M,H,WH,5/25/2006,"Rodriquez, Bryony "
E1,E1-1st time enrolled this year,4137,"Keeling, Phyllis ",6,8/17/2017,2011144,F,N,WH,9/7/2005,"Rodriquez, Bryony "
